,A,B,C,D
2019-04-22,-0.6492829215103506,-0.24123820804242285,0.27203839126890905,-0.33287390435507086
2019-04-23,-0.09392031403925749,-1.6935811424492075,0.2448055459627565,0.5026448423241898
2019-04-24,0.2108647579828935,-0.3409360819196554,1.8694555744264956,1.1303912532824407
2019-04-25,0.6023320596806148,-1.0629228117316836,0.8356430935665693,2.833741874302011
2019-04-26,1.6362469519461553,-0.07696311655459731,0.16942479530481502,3.499309910332111
2019-04-27,0.9386872047588892,-0.23171514157496215,1.439909037051844,2.17403081748931
2019-04-28,0.17580886030982446,-0.9942979417359721,-0.6456717852614258,1.5927178051121271
2019-04-29,0.6380377481026713,-0.565121087950486,1.6104226751867308,2.4829150556707877
2019-04-30,1.036516942623951,0.6643206751523618,1.760660200021575,1.5350000379666178
2019-05-01,1.7213197253339296,-0.4232147904663843,0.9234887628481888,1.593641791255374
2019-05-02,2.095752244230616,0.06147018327894932,1.2870287271476337,1.7778622058330147
2019-05-03,1.7481484986733782,0.6834570683196561,3.11792527669793,1.20049350076345
2019-05-04,0.2592728498434078,1.5788926309937146,3.2123080532085395,0.8344398097118215
2019-05-05,0.5136739188656909,-0.47172621826689265,3.368454642858738,2.4707890977119376
2019-05-06,-0.41326482300178047,-0.9851607266597782,2.479672025598304,2.36474953068619
2019-05-07,0.5338861009812709,-1.519929813448549,2.91713889861843,1.613655287144841
2019-05-08,3.4495182303883642,0.6991535947619234,3.1452310065300844,1.9830948648035291
2019-05-09,4.86561051471653,0.7903728437090528,2.614548825430583,1.9912884259979857
2019-05-10,5.339637618075398,2.432762561534608,2.03425375418041,2.7106503880410315
2019-05-11,5.63400586931234,3.0859296803637135,2.979136182650274,3.4458606407590713
2019-05-12,4.654410576666511,3.465727780488971,3.6584317752385127,3.2729943113185325
2019-05-13,5.990334551767663,3.970276427041476,2.291342506512724,3.4412608576965584
2019-05-14,6.186158953751946,3.5589332580181665,3.7494586272709736,2.7268373824282244
2019-05-15,6.604128843952354,3.819746045273317,3.5405875886335827,3.362294854252607
2019-05-16,6.892304381668524,3.6102295484548095,2.1979221454512006,2.2625232257600976
2019-05-17,8.349055339930892,3.8778553860056677,1.0043198484376599,2.9783965179319014
2019-05-18,11.292301264739272,3.777927396115628,0.41706747447044923,1.7693288071731845
2019-05-19,10.938770910315727,3.704664586900071,-0.3417673920314862,2.2092910831855224
2019-05-20,11.988245022143392,3.4918196063848788,-2.3957429919189788,2.4302576278629906
2019-05-21,12.223630332237322,4.673666846433633,-1.8447559499064627,2.128390975031236
2019-05-22,10.538915554586556,4.70238371242501,-1.335088540870629,1.9287630789038097
2019-05-23,8.801726547278328,1.796545888271834,-3.2457251990581693,3.310109894035308
2019-05-24,8.682493333201908,2.260432446439245,-2.754474604941295,2.167176358426927
2019-05-25,8.807852178147701,0.34058237306097583,-3.6360970371478505,2.392852930301418
2019-05-26,9.445212086611198,-0.835599052983419,-4.305264774609611,1.6838026863107258
2019-05-27,9.822569966871887,-1.2322847406475619,-4.721212651516539,1.4909309296136584
2019-05-28,10.352707030824913,-1.8098712034939346,-5.296086537161521,2.2969762850248743
2019-05-29,10.247466952145595,-2.320728944045032,-4.537015380809934,1.5080329235735264
2019-05-30,8.597915462241549,-3.6806813886695733,-4.9031961795323316,1.2113172781423593
2019-05-31,9.94310103852146,-1.746333423093245,-5.2711209511802135,1.270986456107302
2019-06-01,9.572947832821479,-0.6742161608966029,-3.705936184530723,3.0067436507165963
2019-06-02,8.975743787575947,-1.76483990296927,-5.764071960992654,1.5352966158406791
2019-06-03,8.486042304516664,-2.491959120213064,-6.682813197620834,1.7812991204279052
2019-06-04,6.876238999662467,-2.2294398446485273,-7.037496964669042,1.7795004341160388
2019-06-05,7.092927761934864,-3.5989813226125777,-6.734573138509775,1.4104451167978262
2019-06-06,6.344710073190675,-4.56568718909061,-7.080177795198475,2.11699439759142
2019-06-07,6.222117270636197,-4.035445395749783,-7.227401824832005,1.2364963318138367
2019-06-08,6.5198570327093295,-2.5917589808680415,-7.318014530222252,-0.6944061381141033
2019-06-09,7.944118226935421,-2.1013666343819213,-8.261369738180564,1.1598973127533636
2019-06-10,8.177389359694443,-2.1231156190224323,-6.82884359191168,0.968579144406047
2019-06-11,7.836644742841385,-2.500123319670401,-6.0844021278420914,1.8437476244939055
2019-06-12,8.248654345276288,-3.068776985069861,-4.637849558060802,1.067704928770798
2019-06-13,9.845928431141845,-1.5312210058885127,-5.596035382148563,1.473975588423483
2019-06-14,11.135571735059594,-2.487913383878615,-5.112860850540074,-0.15442718643573095
2019-06-15,11.443753294306998,-2.1839792471875548,-5.756008399693028,-0.27980537946414574
2019-06-16,11.34642941841068,-2.145996684838987,-6.6996365669522495,-2.7296629333587026
2019-06-17,10.58931343637369,-1.6932455453044386,-6.3779050396621315,-1.918067221502938
2019-06-18,9.588889812822488,-1.5582233508680063,-4.802042756675362,-2.6686827029895737
2019-06-19,9.028107039192973,-0.31521568136715294,-5.37670669583713,-1.371313904556522
2019-06-20,9.171827062951234,-1.109537883998132,-7.436045346054149,-1.6884667311492658
2019-06-21,8.765209264147876,-1.0423824472626455,-7.055734127370029,-0.8272477764571036
2019-06-22,9.15984670448278,-0.6871596399646334,-8.1196668129724,0.44169556030076973
2019-06-23,10.132618185926269,-0.8384624636445541,-6.632669052436979,3.285411104871014
2019-06-24,11.085171614098417,0.6458667592334013,-6.634200723166505,5.004930024938305
2019-06-25,11.384299050465804,1.0236095524061306,-6.383623761644903,5.056926943678282
2019-06-26,9.357105058826196,2.432604773300333,-5.8229999708170155,5.917644795750893
2019-06-27,10.34592119476049,1.9223545904737507,-7.152088223963911,5.235599318049312
2019-06-28,10.257116445576383,0.726260840507196,-8.414829098130403,5.300422459657631
2019-06-29,11.772890727009022,0.7922927100874003,-8.648776863985223,4.723754108812565
2019-06-30,10.198592884916478,0.08937155340188863,-9.307241660397406,6.4719406531326085
2019-07-01,11.860281992699205,0.36538702728820466,-8.822367730793376,7.134057948401427
2019-07-02,12.56861521392524,-0.058168357773181245,-8.268716362130203,5.100680821753585
2019-07-03,12.805919899110744,-1.223096669958155,-7.527542889047579,6.2240379473180845
2019-07-04,11.22179793648187,-1.0074927276128098,-6.460822668269368,6.366833017247889
2019-07-05,10.677928860583881,0.14701470854308307,-5.034370490864364,6.9180643335754155
2019-07-06,13.757078293499301,0.7072984834783103,-6.761910585493544,7.04079814945121
2019-07-07,15.172119714622076,0.11757497527530114,-5.152113530767195,7.739069545757042
2019-07-08,14.236448860144145,0.8535250039443739,-3.2404748975588724,8.434213302828
2019-07-09,14.19499942515957,1.4128903000525768,-4.153891574980984,10.547884717056974
2019-07-10,14.315217318557563,2.0964653762173313,-5.470096071695693,9.338618158502248
2019-07-11,14.587206951728087,2.515011386016731,-5.7549452440070725,9.635886871670184
2019-07-12,15.071498599061051,0.4516063293510708,-4.510201350733341,10.867653198910627
2019-07-13,15.05554469802596,-0.04566198360245316,-5.414943238227316,9.920021354787796
2019-07-14,14.676011843877342,-1.5299982141466866,-5.262579148315444,9.564411432788592
2019-07-15,14.288235538909904,0.6318546579813606,-5.845974774581287,8.031201828686434
2019-07-16,13.190537148192297,1.8246115077461085,-7.029405704177605,8.173448281994236
2019-07-17,12.100289703202254,3.790693362563741,-6.493687923777674,6.96602334736045
2019-07-18,13.47373660235244,1.8431430943147666,-4.725323991277088,8.780915994523305
2019-07-19,13.315541734797021,1.0937364502590672,-4.219294234852713,8.756362127768272
2019-07-20,14.229889111892978,1.4340715745786607,-4.265069128316993,6.534686845346269
2019-07-21,13.441855198496496,1.0198156190062895,-3.8221970773615337,6.418682499774491
2019-07-22,14.727765147355331,0.6290119654014039,-4.115298794107658,6.65831864199898
2019-07-23,13.805118158856965,-0.1117788743954371,-2.7414250801457025,7.3569369796855115
2019-07-24,13.030850065576091,-0.2783628677686508,-2.8408208670041937,7.997607717372437
2019-07-25,12.001854426815125,0.9248249799804854,-4.406570914698458,7.38361959847161
2019-07-26,11.686166008415519,1.2421888318443326,-6.54224392426447,7.886150988356385
2019-07-27,11.07733535599606,1.905544535091062,-9.594852617125287,8.315307619339208
2019-07-28,11.644483608932084,3.5015778800806228,-9.552258520674565,8.944487888277182
2019-07-29,10.766901369019266,4.21939722368977,-8.025373614209276,7.329930583245739
2019-07-30,11.38971429228162,4.037514173929394,-8.416031586541703,6.916905407521046
2019-07-31,13.734573765794648,4.1787969447817925,-9.68858006821732,5.8752765962407585
2019-08-01,14.19769182562415,5.586698023938138,-10.350628669674757,6.425847830655087
2019-08-02,15.168796582539683,3.3050529984259196,-9.192854430332531,6.724593344476624
2019-08-03,13.378345016077528,2.855139162172512,-9.97169212531432,5.929856648931372
2019-08-04,11.182447335526984,1.732356529536738,-10.397324227919551,8.29134367875138
2019-08-05,9.280973461418625,1.6662264497288626,-10.613663146530842,7.710168757983231
2019-08-06,9.176736066297735,1.5460972832038418,-10.52043139154038,5.826837376468029
2019-08-07,8.623944524251252,-0.08486079776468625,-12.354809220597645,5.260551260841182
2019-08-08,8.634551818486422,0.6003109643484743,-13.438793297052142,5.556790487583553
2019-08-09,8.207189188799857,0.05040572431709267,-14.634912540075558,4.687913504745413
2019-08-10,9.296734190995332,0.7649111869230768,-14.576363544505691,5.115085754028897
2019-08-11,9.951235568125615,0.017245473083721263,-15.13229352623494,2.6326514114753694
2019-08-12,10.200720503194892,0.004055546721631598,-14.638106815734352,2.779028114527962
2019-08-13,12.202513158185557,-0.17129927463400457,-14.06600361229779,1.8183720589159913
2019-08-14,10.792982820348167,1.4199350935436765,-13.413423284417686,1.906377163334886
2019-08-15,10.730803874156896,0.7856447085590147,-13.244742037141426,1.3363729469901515
2019-08-16,7.971523347918289,0.22673774438290306,-13.132496715269967,0.20454503934162038
2019-08-17,7.882259205172332,-0.2492693607609796,-13.246662264153148,0.5134622612051076
2019-08-18,8.768177404926092,-0.35109191282916896,-13.69826833536897,2.973925114023304
2019-08-19,9.539711368438939,0.6665252790837146,-12.622361178623608,5.208955024229883
2019-08-20,9.115286224705264,1.075253423978443,-12.207904471499141,5.888338915843445
2019-08-21,9.639900472465516,1.8110093810411207,-11.175652535547863,7.452452188274401
2019-08-22,9.637847515409414,2.292917285809427,-11.262299489375495,7.996477237954062
2019-08-23,11.355418457237697,3.8647836466806904,-10.920037572354321,9.107912961511156
2019-08-24,10.825534295944465,2.20190410058519,-11.453831064190025,9.490109805537275
2019-08-25,10.420566370111546,1.1414289201064491,-11.528795668326824,10.062716192972406
2019-08-26,9.785319202762773,-0.5034994568991089,-12.359794094914104,10.310344806622508
2019-08-27,10.967401729812371,-0.3479082235951527,-12.121854536831613,12.020105970260365
2019-08-28,9.73541426855259,-3.2698230011630853,-11.94251295354574,11.90200298864062
2019-08-29,10.114049400251696,-3.1208805529136523,-12.025213153681717,11.331734402593318
2019-08-30,9.791985084222274,-2.7361861244579555,-12.665587183238468,10.389069684460942
2019-08-31,9.949737890780519,-4.423145863921965,-15.062666499479015,9.891533095316467
2019-09-01,11.32425617287103,-4.15951562724576,-14.081935991329782,10.280143297284694
2019-09-02,12.126860969158145,-3.4522484390488875,-13.660621679389367,11.697820979599632
2019-09-03,12.033600561681446,-5.458948898488348,-12.191940367995542,10.42277336760375
2019-09-04,12.977585749289442,-5.795755848566962,-12.724623523086642,9.609113731569082
2019-09-05,14.491200640670684,-5.131463723406142,-13.454527735933619,11.281714431424309
2019-09-06,13.924887257945171,-6.321321522771411,-13.79783589807888,10.67647750717788
2019-09-07,13.89479721773689,-7.368624567032002,-14.685342689736549,10.914079646415484
2019-09-08,13.748865391354942,-7.581044237188566,-14.517754342289965,11.373938791271488
2019-09-09,13.514228838292853,-9.005910519687731,-16.188709535892592,10.173815334632126
2019-09-10,14.1691920732051,-8.740346950984794,-16.177296426861044,9.879770954754676
2019-09-11,11.418244279551761,-8.932687293597379,-16.61917352272971,9.497208994561317
2019-09-12,12.533366579942822,-11.089645368456543,-17.221299825683253,9.415231862993954
2019-09-13,12.792305697377328,-11.570953959477714,-17.685352764926343,10.144690834073156
2019-09-14,11.46298611531193,-12.338512415377965,-15.76574071152069,9.566345046333309
2019-09-15,12.107014125713523,-11.451520224313409,-15.769563683352338,10.042832982398892
2019-09-16,11.709758588214516,-10.188540264385468,-16.53729607737311,9.946769372244482
2019-09-17,12.759113017147406,-9.580624285936521,-15.190237192415513,10.277209516766892
2019-09-18,13.017427389744745,-8.603236935221489,-14.833297109667612,11.752410042011373
2019-09-19,13.196840813474223,-9.700384303830536,-14.129915502487592,12.825952400661956
2019-09-20,13.173968534037725,-10.394195689876295,-13.74599369327893,12.943709246186192
2019-09-21,12.310151167025747,-10.212755849850723,-12.690576484965032,11.702581124439861
2019-09-22,13.112040459680463,-9.691966468644619,-13.00821332121619,11.496337845479905
2019-09-23,12.073142263266798,-9.997038771208999,-14.236885702129877,12.480849766487433
2019-09-24,10.424815258590579,-10.129154003484084,-14.8832226356622,11.341867928498285
2019-09-25,9.465921314403815,-9.904050341770116,-14.97167322151662,12.858979130440902
2019-09-26,8.875618154436738,-10.093392939539651,-15.179277380041784,12.314673804094458
2019-09-27,10.485688475879273,-10.078150215778306,-16.639614998219226,12.835388900438403
2019-09-28,10.817733889248723,-9.390258517436811,-15.946646019425616,12.590087830331948
2019-09-29,10.133982120651694,-11.092642359920726,-15.970368499436198,12.96481405313231
2019-09-30,10.282646673801995,-12.214254453344413,-16.332011137160844,12.549113320470942
2019-10-01,11.19068555980782,-9.23723907456254,-16.266744282328816,15.203362213334984
2019-10-02,12.8392570719436,-9.26177498740549,-16.95008459738017,16.559611969030605
2019-10-03,10.515211021934858,-7.623354021341532,-17.8728683401615,18.244402992524716
2019-10-04,9.959118865106483,-7.992752975581552,-18.565063239246705,19.145509020671103
2019-10-05,8.739082464310226,-6.69070796390778,-18.749944097292154,20.318648309039858
2019-10-06,8.549090322819486,-6.017261513948238,-18.711152580982798,20.97693187931699
2019-10-07,6.901629275448522,-6.670470907831874,-16.11750338273701,21.096542923091334
2019-10-08,7.823219783494395,-6.501251042669798,-15.288985061910948,22.72641209861206
2019-10-09,7.542441833815624,-8.356171476523981,-16.556436107782478,23.687383636733696
2019-10-10,6.441990764120137,-9.994220518048422,-15.634950316771667,23.967376313267266
2019-10-11,8.120849734318188,-11.036679164139796,-15.208876398218061,22.857249949654886
2019-10-12,7.054636330695818,-11.999100609276242,-15.438898222089481,22.69758119581963
2019-10-13,7.793799229575675,-12.381706002327991,-13.694614669916596,23.269569552468592
2019-10-14,7.606568979220143,-12.290657337832805,-12.912713961983917,21.759172817340428
2019-10-15,7.309825406115119,-14.191878027689171,-12.868173346652899,22.5843255671297
2019-10-16,7.03280179822042,-13.49588688606147,-14.20506843173737,23.191410990292752
2019-10-17,8.81322484333001,-12.579788408326072,-14.981945633740683,23.436924278287965
2019-10-18,9.10024648519746,-12.671468554980803,-14.46418031699379,22.501694789202983
2019-10-19,9.880401742068315,-13.799662796941032,-14.5031321537586,24.044365707783648
2019-10-20,9.349040224915624,-13.926158142355161,-14.803027513958831,24.316191404639387
2019-10-21,9.639620085530057,-14.04391251968215,-13.986311927953384,23.448643345981043
2019-10-22,9.54913789437196,-15.347784529626624,-12.989964546985135,23.748502567759274
2019-10-23,8.216582153267469,-14.44584139232629,-13.314376934680492,24.47421743807532
2019-10-24,8.954629096169313,-14.230589921562512,-12.710822602918427,24.463190943043326
2019-10-25,7.843606116411316,-14.588229079966052,-11.56349698723,24.767702768474408
2019-10-26,6.792007778077513,-13.092459547266655,-10.923469173021932,25.972471060584862
2019-10-27,7.906301262174106,-12.721179413573955,-12.024241139525929,25.08084885893717
2019-10-28,8.610714425445574,-13.973295522280756,-13.489913107666151,24.65158660027499
2019-10-29,7.835191333106019,-15.204548851844079,-13.664190268801061,25.239745604465735
2019-10-30,7.543526984657926,-16.0184255358826,-14.473581073978691,23.40846242644876
2019-10-31,6.43653224370008,-18.15730800077917,-14.04083214251892,23.165733266004565
2019-11-01,6.718889737253359,-19.68093167559703,-14.908824756296097,22.768176608362456
2019-11-02,6.832101249488671,-22.5148530385234,-15.138268821019059,23.16646506268848
2019-11-03,5.640247934078828,-22.957167992972213,-14.384056483341574,24.23048442968116
2019-11-04,7.518948598818029,-22.58920084246231,-12.699642294811186,24.61228386916207
2019-11-05,7.176735495206187,-23.569725430146825,-12.910526073830333,25.882629826850444
2019-11-06,8.62972227629967,-26.118551898411063,-12.360379298152324,25.361517541132354
2019-11-07,10.261218228656173,-26.032049290424602,-13.573248233690201,25.834295055773758
2019-11-08,10.444241935066273,-26.569120625260883,-16.113815755525092,26.357510768739928
2019-11-09,10.229403212244558,-25.302199015686924,-16.504822544255006,26.4572075820083
2019-11-10,11.292114373735126,-25.053966277806374,-16.926140504636784,25.042679742236302
2019-11-11,11.567398885535619,-25.916327632518065,-15.6321298387614,24.521633791401396
2019-11-12,11.393597402543737,-24.984620399145328,-17.024439043972443,24.092965190609053
2019-11-13,12.063136739612805,-24.94769907761469,-17.704101065952987,24.531183933955113
2019-11-14,11.2652789495127,-23.88785721496254,-18.187977851515598,26.038236497999524
2019-11-15,11.740991229838484,-25.473679872089328,-18.1463100012752,24.57501471490165
2019-11-16,12.607957370456552,-28.05417789624166,-17.704135047908274,24.43594547387273
2019-11-17,11.658455155112891,-26.689319455973134,-17.915398437583846,24.127021972770386
2019-11-18,12.294005666595549,-27.495804253887894,-16.701760144759067,22.865978914882657
2019-11-19,11.985519958631945,-27.304452403451695,-17.55946750000129,22.530652902167333
2019-11-20,12.543462203720347,-28.272945417853446,-18.091129475961832,20.939098482502505
2019-11-21,12.480541893248498,-28.493842802214576,-18.47616791744821,20.7842196568035
2019-11-22,11.761949092791209,-28.55227614288896,-19.51757151114813,19.985997068386737
2019-11-23,11.640537561769616,-27.483876130945063,-21.372476293725455,19.41227697973695
2019-11-24,9.67599857452338,-27.804078642936947,-21.334594787386735,19.070237477817958
2019-11-25,9.004564234913325,-27.731336154938695,-19.901242451112658,18.40251575051035
2019-11-26,9.65268323907775,-26.97409379364043,-18.927287521120252,16.068067554941052
2019-11-27,9.098240606288238,-27.033066129873045,-18.56542576854205,15.734873022784639
2019-11-28,10.095695104470213,-25.49400023140239,-18.04580811093352,15.418129012509832
2019-11-29,9.609604208434757,-25.9178046327145,-17.34273041148085,14.775435154008743
2019-11-30,10.829689331740516,-26.48094084844375,-17.143235324487673,14.34943273821908
2019-12-01,11.51078932263141,-26.2431586329446,-15.924363830461434,14.369613661654999
2019-12-02,13.755846037842685,-26.32075448122491,-17.211165567738497,13.62185945628329
2019-12-03,11.554194785451058,-27.50474497350546,-17.577580161838405,15.207766183142562
2019-12-04,12.28179880511524,-29.104290938566006,-18.704798623769165,13.04392178433889
2019-12-05,11.968402927162797,-28.617035646815435,-18.35187122117027,12.131070704091234
2019-12-06,13.2554799442534,-29.358232727326605,-17.47673965123383,11.130925344120474
2019-12-07,13.353009122399904,-29.732298042032262,-18.29316677852599,9.643003711591872
2019-12-08,12.79931557914571,-29.905513887325444,-19.349628399245052,9.472517927790612
2019-12-09,12.201763552177287,-31.4623464032598,-19.929293318789615,9.544535477078377
2019-12-10,12.210327834071006,-29.957127752832903,-19.628322385475226,9.755068388514529
2019-12-11,14.049045640340887,-31.294538592945784,-20.225217901131465,9.553019849244228
2019-12-12,12.116533490815062,-31.159894169801674,-21.50414068357927,9.689767531000996
2019-12-13,10.783287266557856,-29.56918380663029,-20.50281105334208,9.716775861510497
2019-12-14,9.60977011324579,-31.58148661307746,-21.48356016015981,11.050569518801128
2019-12-15,9.6652771882115,-31.263130874489974,-21.660586982203096,11.77360031672682
2019-12-16,10.448921818998981,-31.289695763256365,-23.315665751760807,12.664527965401062
2019-12-17,10.796813806760355,-29.45921015008698,-22.840732113446954,13.651155375543249
2019-12-18,12.58438186830355,-29.155191670263687,-23.3120636879578,14.205101669558772
2019-12-19,11.960818000731804,-27.836270945467803,-21.80327172458712,13.578570469910462
2019-12-20,9.574137358923961,-28.49737359990946,-22.599441855985663,13.706388864409128
2019-12-21,10.537779169928909,-29.231013025784193,-21.76647317130192,12.487881716731236
2019-12-22,9.07277057475878,-28.82882207270945,-21.76875027668395,14.329519449506186
2019-12-23,9.885985229781044,-29.971452516734715,-23.25982428523563,13.050885575433632
2019-12-24,9.529727600278843,-28.97650876786418,-22.419846517169198,14.109409655653115
2019-12-25,7.580401715188153,-29.001756000735416,-22.554301297885345,12.629183000665043
2019-12-26,7.039774260355467,-28.60036042527851,-20.475710415128894,13.856419040680354
2019-12-27,6.5448108267876535,-27.195333428225453,-18.529986201391072,13.467437700732614
2019-12-28,6.548662799889355,-26.719284414376123,-18.07581508829945,13.785772035170542
2019-12-29,5.747464995477928,-25.048273894755376,-18.476557079192908,12.069161453558563
2019-12-30,5.526260239073867,-24.868577312008284,-17.356501439319576,12.722736650834026
2019-12-31,5.360325736148731,-25.92028402442188,-18.097730610261806,12.957287173466526
2020-01-01,6.473974752319834,-25.678343258627606,-18.597301786567364,14.96586254192004
2020-01-02,5.629487689004839,-26.038614933935722,-20.007201560686465,14.271088861207094
2020-01-03,6.435975361214131,-27.161153201420507,-18.496271766368437,12.755487012341433
2020-01-04,7.372509492329922,-27.76800817143031,-17.19409188174555,12.617439509306648
2020-01-05,8.635813759539756,-27.889956336317407,-19.57583583786272,13.327053406842573
2020-01-06,7.918555171655801,-29.133532415663005,-18.50527861086106,12.49094353080869
2020-01-07,6.804084603341247,-29.770914409161374,-17.08337469221749,14.172673649940883
2020-01-08,6.536607152669436,-30.064441227070684,-16.86814863414626,14.560556938250983
2020-01-09,6.972506656845179,-29.501803122847466,-16.854325789390863,12.796170881303464
2020-01-10,7.856990422551875,-29.597236289081437,-15.987934115467755,13.14011312611575
2020-01-11,6.871993518418068,-27.313298177195275,-15.96464015663716,12.884761272331701
2020-01-12,7.159813132031276,-26.01284395049774,-15.08296393144852,11.720169296901307
2020-01-13,5.914028176499831,-25.72825450216872,-14.548360599244399,12.186461615719798
2020-01-14,7.041767392402133,-27.89037678170024,-13.630671041761373,13.780728995974542
2020-01-15,6.090478290658001,-29.183701423417418,-13.331537137761634,13.669885705678713
2020-01-16,5.9750067959928606,-28.343816217276622,-12.059697199742688,14.426435953018004
2020-01-17,5.998061656391921,-26.96755175835847,-13.51596470733308,14.278124573250787
2020-01-18,7.660794835305758,-27.315081497057605,-13.244328502017117,13.693978253855274
2020-01-19,8.085873333075167,-26.438139731851297,-14.047488387644375,13.27980250004543
2020-01-20,8.142137815912792,-27.216449064609687,-14.120309465065835,14.354403584821565
2020-01-21,8.67291900570991,-26.672267893064845,-15.94079936237137,13.96885018195136
2020-01-22,9.128276988355003,-28.77977854963916,-16.71121940449077,13.855490521947818
2020-01-23,7.771669593377744,-30.28283261798172,-17.39082922164456,13.239197505704624
2020-01-24,8.346048339535457,-32.077316061968375,-17.21276786338935,11.614339812031922
2020-01-25,7.106929655921183,-31.63839805303826,-18.153940219995643,11.451882682291496
2020-01-26,7.726229687872034,-32.203608490198015,-18.182855933627636,13.305837215909714
2020-01-27,9.188627595972834,-30.566152206457428,-19.26035468902172,13.863162824253765
2020-01-28,10.503220558195974,-29.23475545955214,-18.27534615469627,13.820543641635178
2020-01-29,10.051091345280785,-28.14854176510338,-19.696326297634464,12.598775131735339
2020-01-30,10.452702658398227,-27.131026222195572,-19.867929853083982,13.01441247064351
2020-01-31,9.337954067178188,-24.24501973927993,-20.067155119291012,13.005556841524253
2020-02-01,8.77232661546088,-23.518898806334263,-20.44934636888059,15.350020446570708
2020-02-02,7.3402383367087785,-24.91302646556712,-21.679872984999093,15.062694441201279
2020-02-03,7.8484100860524455,-25.75668210634298,-21.84613115265241,15.009036910690133
2020-02-04,6.845800926217623,-24.89349367046117,-21.1608726058151,15.198130321871961
2020-02-05,6.6449137486592935,-25.879628995157038,-19.65972702336223,16.34676287527334
2020-02-06,5.029111561989111,-26.918545321025142,-17.76242264265828,16.387308304993624
2020-02-07,6.375800782091417,-27.77184175997811,-17.39685151768132,16.272228287383673
2020-02-08,5.966687427062324,-27.996778679619908,-18.48294443030802,18.003083263983672
2020-02-09,7.0542701901245914,-28.71047356284692,-16.45827264517386,17.542967420158035
2020-02-10,6.959175324116038,-28.615930113399568,-17.457813308286042,17.52178707611058
2020-02-11,5.802025045259379,-27.87388508266596,-17.965840866119603,19.27277268299502
2020-02-12,4.172022435677704,-27.457427619566385,-18.279961065520894,18.43864391364824
2020-02-13,2.4344414746758636,-28.089634098512743,-19.29485836467596,18.340968683111427
2020-02-14,2.6526612832682557,-28.031612886704156,-20.860282131080172,18.083628767846804
2020-02-15,0.504544756858222,-29.214800539367786,-20.926754689395963,18.57678443374477
2020-02-16,0.08456919230642013,-28.32002736304163,-21.73661197679411,19.024611818572037
2020-02-17,0.6332096087492038,-27.452435228356553,-19.30181565813799,18.82085861934558
2020-02-18,0.5782560204494844,-28.603180176691946,-21.186303416478253,18.332918619352117
2020-02-19,-2.2307036381328182,-28.20371187718994,-21.277209876083703,20.64294814191524
2020-02-20,-1.2463810021853496,-25.951476214044398,-21.663196916617586,20.363449194659275
2020-02-21,-1.660580079172626,-26.41777510032562,-19.76517982946562,20.275747700954255
2020-02-22,-1.2656105730210006,-26.84774506170147,-20.372129854658063,19.83334505283327
2020-02-23,-1.9467721193750425,-26.714963524024807,-20.41053656704658,19.257244687740577
2020-02-24,-1.724420588129105,-25.00284394711445,-20.11441357213288,21.097803769422704
2020-02-25,0.32131382554216725,-24.73661232126584,-19.281476607628452,22.331265204151187
2020-02-26,0.20812097178689892,-23.63440042393416,-18.444195554088346,23.714205376977134
2020-02-27,-0.7044631289706179,-24.241186826299757,-18.66058869479293,23.780466816936695
2020-02-28,-1.6719082674590975,-24.050454604959825,-17.88644338657589,23.18420579320352
2020-02-29,-0.6454725411164852,-22.63112016620189,-16.91186148142122,24.04565787877521
2020-03-01,0.598168845472556,-20.516032626655356,-17.45408589168337,24.249047737754598
2020-03-02,1.326946844430836,-20.591527170281775,-17.755426790376806,25.90066778217446
2020-03-03,2.582291645404074,-20.937371164705684,-17.39996667238717,25.91943116732582
2020-03-04,3.6783308076978862,-20.596068432478926,-17.40257198995053,25.562899397431835
2020-03-05,3.090655806862658,-19.815211750393715,-16.26221251008704,27.28074050113936
2020-03-06,3.320759143216673,-18.882510461263397,-13.395399261393894,27.473551914865816
2020-03-07,4.067669740836416,-17.698297800931016,-13.076011515782762,25.990376436239494
2020-03-08,5.376402068026193,-16.101314207096753,-13.116447362756745,25.683887633115262
2020-03-09,4.415792593675531,-17.58217710195245,-11.738083161580901,27.233698736076636
2020-03-10,4.02374574784628,-18.281626925142184,-11.264152570306145,27.192245648376456
2020-03-11,1.4603564729217244,-19.482377353496755,-11.25155791595738,26.354004647575902
2020-03-12,0.3293642861196129,-20.53520173876348,-10.835954824069594,27.13529425666751
2020-03-13,-1.3752298231547273,-19.690247779624006,-10.565489514811055,27.46236297039222
2020-03-14,-1.9522961965148335,-18.341926738070896,-11.063424976718933,27.44975206609821
2020-03-15,-3.1911116348203974,-17.146279398217196,-11.505402117447794,29.632719181345845
2020-03-16,-3.499667355785167,-16.993341726431154,-9.9847298741516,28.35789473585797
2020-03-17,-2.8495782554765015,-16.03864754255205,-9.859254765552715,26.93598327179939
2020-03-18,-3.401480378850206,-16.194063978149313,-11.396769556972025,27.675074474085676
2020-03-19,-2.6972988437176113,-15.471213109284669,-11.58363890601292,27.21169991326808
2020-03-20,-2.549151447004228,-14.104527922417256,-12.18056045435356,28.269141549733725
2020-03-21,-2.4490814242900907,-14.770420746735095,-11.858237069590544,29.489497024350765
2020-03-22,-3.1439893603522764,-14.000012147083257,-12.979902696999448,29.40066150965475
2020-03-23,-3.793285378981369,-13.598455233458653,-11.679436997033882,29.25114391788983
2020-03-24,-3.2438258380053786,-15.69826899686769,-12.176085094251103,30.91004864290358
2020-03-25,-3.406465404734287,-15.800899830825278,-13.350212790251655,31.793322059638747
2020-03-26,-3.5653623396144947,-16.359640650414907,-12.443640723913122,31.73620253326873
2020-03-27,-3.457934646007,-18.56794515620141,-10.960709446594482,30.245282437247226
2020-03-28,-1.520860606516183,-17.463121850513268,-13.363176330826661,29.66649997485197
2020-03-29,-2.1425693098965484,-16.487555939402476,-12.756864579982269,29.787884311752425
2020-03-30,-0.8787015306588923,-15.86651048287061,-13.020210199063486,29.663297656360605
2020-03-31,-2.4184988127039118,-15.460275019677173,-13.806982887389315,30.168002448723556
2020-04-01,-4.089490015026503,-16.128295543338268,-14.018959942842764,30.73253116046969
2020-04-02,-3.7561810393917443,-16.130981765997642,-13.133910554924817,31.504484005911284
2020-04-03,-4.352976488174451,-15.763084344860964,-13.354333153596553,31.054866481913365
2020-04-04,-3.943524075754994,-15.754431327244603,-12.30780976185091,30.826327189488552
2020-04-05,-3.5933187164651343,-15.569051650898727,-10.952903247768292,30.791664213508344
2020-04-06,-4.539152321157914,-16.560805000990666,-9.684864975987514,31.333557707318633
2020-04-07,-3.489460131913187,-16.98572272146797,-8.568971538088586,30.229107955275772
2020-04-08,-3.328796032366844,-16.030127751075646,-8.704599775712708,29.75594700419712
2020-04-09,-1.6878550172460376,-14.448705696324257,-7.659071727859937,32.425505188481516
2020-04-10,-0.8147810195590661,-12.356981276504005,-7.6073598700525284,32.99207553696616
2020-04-11,-1.7874644896446399,-13.72968470873991,-8.78515838805898,32.48161101697683
2020-04-12,-1.1843598641214208,-14.419579596125095,-9.427944014065435,31.91249248617049
2020-04-13,-1.3056429557575449,-13.015511362112003,-7.055782536439583,31.298035061329795
2020-04-14,-0.6938316306031018,-12.916294838518692,-7.7216258361290535,31.37737020629819
2020-04-15,-0.06596479316549053,-13.557735301836415,-7.862734281944743,32.16072457890671
2020-04-16,1.2576831521858105,-14.874527669888181,-8.849980433316757,33.65049736983504
2020-04-17,3.4611144917206476,-14.45388523570553,-8.144084511458365,32.32560856486201
2020-04-18,2.9364194166227433,-14.599751881199232,-9.493082585711198,32.09388405928846
2020-04-19,3.240322143850975,-15.658833370570084,-7.85137683652471,31.019920597116673
2020-04-20,1.4658356327987123,-16.28674718186972,-7.803140703783758,30.84182505496714
2020-04-21,1.5823693158747716,-15.267216011654114,-9.053152454209,31.789650915634752
2020-04-22,1.9136904222144533,-16.592705178906265,-7.693708369356532,31.520060538595143
2020-04-23,2.1127189431100217,-15.948814596972788,-7.996274588868524,30.869982414593082
2020-04-24,2.5463137516165872,-16.371112497985493,-8.15565065761427,31.65760095859993
2020-04-25,2.6438257228579167,-16.155363597331533,-6.603793170826217,31.59264473320684
2020-04-26,4.196578500686428,-14.642167414400257,-6.1513792566558525,29.760806562239882
2020-04-27,5.4245836577129705,-12.840207744820354,-7.493897684075984,31.183684761213804
2020-04-28,5.889577834916244,-11.892829179755129,-6.723047332816038,29.72183947346508
2020-04-29,5.013899020191619,-11.834894312148501,-5.183429443573087,28.556591029199716
2020-04-30,5.954741287907866,-12.753251073806428,-6.820549761728794,28.167955570821274
2020-05-01,7.970392733795808,-11.22466540513262,-6.542388427667578,28.2418825448164
2020-05-02,7.974716570997439,-10.3049345115209,-4.962744711120196,29.141127288860773
2020-05-03,9.183560254160033,-9.320800244857105,-5.5048928878803665,28.70476791933087
2020-05-04,8.10854099969307,-9.15289183504714,-5.948715886982509,26.527357914601026
2020-05-05,7.482413039286121,-7.427569497461313,-6.50142109784321,26.911189448607786
2020-05-06,8.167571145697847,-7.710405905958585,-9.196901388507474,27.003890086083043
2020-05-07,9.754096061917352,-7.56166486118085,-11.465694387232247,27.575028870344056
2020-05-08,8.957822014344245,-8.33366103874755,-9.848036052656775,27.260734557237335
2020-05-09,9.401537645872816,-8.864197602949826,-11.514893648586305,26.380295574932774
2020-05-10,10.359044102826468,-10.303314678731528,-11.03883438149339,25.81965836628595
2020-05-11,10.008762461096076,-8.767218406478055,-11.550875057479841,25.034920775249518
2020-05-12,9.63892478992196,-8.598634285007995,-13.23658519286858,26.49935844452512
2020-05-13,9.41350048504562,-8.160008970839563,-12.864647739577778,25.19228281330741
2020-05-14,10.461126619113687,-8.78925566625054,-13.952943071308951,23.34984381011114
2020-05-15,8.30455867605299,-9.216006390592423,-14.478041968713711,23.678389041153885
2020-05-16,8.217574240918749,-9.844065486615508,-15.431861568520574,25.376429157181136
2020-05-17,8.182374873215343,-10.685301011452031,-18.432333263860105,25.774191675801234
2020-05-18,8.476935684960678,-10.92659539851558,-18.52643796599095,24.662289731944984
2020-05-19,6.023175659858648,-9.643067686969138,-18.187622496489794,25.60945660884393
2020-05-20,5.459269502892389,-11.786052253797003,-18.50944179415844,25.03792684781629
2020-05-21,3.7517004668179235,-10.868976935863488,-16.829998252125627,25.29661170309626
2020-05-22,4.444194515992395,-11.445770125994065,-16.52824985294747,23.68409406023341
2020-05-23,3.2514811274066497,-10.624667206757666,-16.973335145276916,22.79861825767638
2020-05-24,3.307627555534846,-10.685168551635606,-15.660215630420502,22.90739155223765
2020-05-25,3.3458908275826498,-11.017603453630734,-15.909448416625331,23.388697488378277
2020-05-26,2.2191571506603913,-10.255974667745893,-15.454304106896199,23.978450272696637
2020-05-27,3.0422440778050603,-9.82120461816689,-15.297354764697609,23.466651706797247
2020-05-28,3.2496031350291887,-9.431369209152898,-14.332389230555973,23.529631197602303
2020-05-29,3.8814180897490096,-10.348166725488106,-12.548028447540197,25.364182664147656
2020-05-30,3.9664505280135436,-10.628687639430703,-12.839858506788707,23.8220230691454
2020-05-31,3.644850663595379,-8.920204528662548,-13.471907521347362,23.58793272503168
2020-06-01,3.486598940885888,-9.898269237483765,-13.25658999586025,25.967900824003507
2020-06-02,2.565438390170496,-9.792342621899783,-14.290971599430005,25.58521619975618
2020-06-03,2.7304716436353886,-9.381226314710066,-13.786625320077395,28.624093234284135
2020-06-04,4.054624587961307,-8.852168845816198,-13.493241729334777,28.09494084507953
2020-06-05,4.563581216648917,-8.906278331377923,-12.848636899591163,28.08171806950038
2020-06-06,5.169082528929842,-9.982398330029342,-10.174545600037034,27.939693420555372
2020-06-07,4.6913047860886925,-8.186758469808566,-9.983983630776784,30.34130870112703
2020-06-08,4.521112482864648,-7.250366126337593,-11.657717471583503,31.188589582076485
2020-06-09,5.783234442555064,-7.510069687617953,-11.98892859116815,30.26435950317476
2020-06-10,5.508916620591699,-8.240647929491999,-12.380807306251395,29.16303717975532
2020-06-11,5.042002839886142,-7.779985691689383,-11.385680227504592,29.56248270581832
2020-06-12,4.589697702813892,-8.831060838931448,-10.26147285713937,31.216000444244834
2020-06-13,4.619463574258929,-9.343294732652964,-10.406722294262341,30.94495692404546
2020-06-14,3.887084886679466,-9.382406277391352,-10.483847374123108,31.089618353274144
2020-06-15,2.8121686276687288,-8.854453954032916,-8.892748560440777,30.126329879166114
2020-06-16,2.9964553874651902,-9.99553357335069,-9.673827675096364,28.010412606636834
2020-06-17,4.615431620405297,-8.967166422594545,-8.977351705528879,28.315541558331834
2020-06-18,6.24586897975715,-7.399177867896448,-9.467725331214789,28.72705474937939
2020-06-19,6.279132197253103,-6.851860600642371,-10.067129788578717,28.131307703101015
2020-06-20,5.1800633510360115,-7.51588374463791,-10.209480518072679,27.899070165587332
2020-06-21,5.217080776384489,-9.010793139974885,-11.490586402150615,28.195409077293373
2020-06-22,6.214957092363139,-7.4792134077446715,-11.255889553308949,27.239460870165082
2020-06-23,7.397859227432778,-7.288213935138308,-11.088382548429617,28.383061459418848
2020-06-24,5.94054910811813,-8.087853812477654,-11.676026535835788,28.286339367511957
2020-06-25,5.484109546843272,-8.477247528983929,-12.044607251757334,28.20164936885212
2020-06-26,5.845411242917107,-9.176851061308685,-11.793674148863566,26.144779708035276
2020-06-27,8.327256986190129,-9.331198436857933,-10.327902587089001,26.160121399029823
2020-06-28,7.773528667842248,-10.308070438745657,-9.473880306162691,26.337640207940815
2020-06-29,6.7687035105681215,-9.627733156778001,-10.39629933124851,26.498767526420608
2020-06-30,5.229422675913098,-9.331551806507521,-9.65992530083827,26.399283854657515
2020-07-01,4.260603924318424,-9.718173068651554,-9.964656639284089,25.307889460505145
2020-07-02,2.835748986544676,-11.602391171359999,-9.792161730165834,24.49747379921787
2020-07-03,2.589509106356869,-12.286708432543996,-8.75046609894625,23.46094869642437
2020-07-04,4.679503727770809,-11.934399177591704,-8.66690573155268,23.919084360593054
2020-07-05,5.025468364079886,-11.301589371187266,-9.41089858536838,24.02144404260006
2020-07-06,4.919329485683755,-12.860455645003862,-9.685659640611037,21.941862525648112
2020-07-07,4.628806041310723,-12.484104977927386,-12.052694269229661,21.430647057625468
2020-07-08,5.387567082483676,-11.02246595522115,-10.944546989326494,22.09139126185948
2020-07-09,5.625263771620383,-10.487297504422783,-12.225155721376305,21.892975984766547
2020-07-10,4.066934623517014,-10.626598418393254,-13.377220388017081,22.988448399232578
2020-07-11,3.11606883599997,-10.998824739864574,-13.87192017857403,21.729617632759854
2020-07-12,3.9641662151244934,-11.704857896337137,-14.724206180193658,21.93315457797348
2020-07-13,3.6335930424433345,-10.52010387183374,-14.600672461406198,21.893888299177156
2020-07-14,3.520521798036732,-8.708445857882712,-15.283652999149341,23.58656023283876
2020-07-15,2.7257222306433704,-9.908111781113746,-16.915972965979154,23.57280090255319
2020-07-16,2.3737410429420387,-10.704592801340707,-16.657607731164774,23.42449661210846
2020-07-17,0.721708545177967,-11.424555358418058,-17.387452484852165,22.608836736387804
2020-07-18,0.14384033253602657,-11.48083314625141,-19.190161322424036,21.934698389204716
2020-07-19,0.003558308062387411,-10.833898645315786,-21.032089324628092,23.303360996093375
2020-07-20,-0.47143796372545277,-9.46606776332938,-20.554294577923613,24.92167849091614
2020-07-21,0.9667839470528526,-7.872764346870285,-20.812975012288813,26.141219230789456
2020-07-22,2.152365723023168,-7.76425245628402,-20.023171626665818,26.459078138116684
2020-07-23,3.857698608444479,-7.5856876914321685,-21.7725630709902,27.005941586177634
2020-07-24,3.674298203604825,-7.831597876837398,-22.851183951358248,25.659355351068072
2020-07-25,4.946648579971405,-7.640495075108605,-21.570379541953628,25.61995070869914
2020-07-26,5.0153716311249195,-6.830587443788409,-22.23350491052254,25.588160043887733
2020-07-27,3.269623102920129,-4.948078228820969,-22.11749055777592,24.21599666388958
2020-07-28,3.9614223140767257,-4.855671293299019,-22.06186974387424,25.100243294363192
2020-07-29,4.1372526855648,-4.754129002683199,-21.93035157090439,26.152091058449887
2020-07-30,3.701158993760756,-2.4739942121496736,-22.952674270415685,26.200808086451413
2020-07-31,4.751313134196364,-0.009002004077131254,-21.359586577619883,25.966533053822182
2020-08-01,5.285260944439816,0.2637940068268626,-21.004290777212095,25.59365673873629
2020-08-02,6.284693312363336,-0.6135006116681122,-21.703388253631328,28.11734429400466
2020-08-03,6.416853952190186,1.0520430932198743,-22.747408063862682,26.63553517609503
2020-08-04,5.132001208936986,3.1765100274925726,-23.829881185104185,27.66211487465101
2020-08-05,5.558057713177607,3.658237331759769,-25.63930602945379,27.54648376009076
2020-08-06,8.130342155223175,3.8926567725303096,-24.09402177433256,26.930803337139633
2020-08-07,7.061384327647175,4.281220829101233,-26.434450075368414,24.151366798706466
2020-08-08,6.879991429282103,4.104164500668655,-24.764214790872156,24.160986116317577
2020-08-09,7.657912748730869,3.246125459627476,-24.832019174861827,24.46772252605809
2020-08-10,7.909457797582621,3.731606408001746,-26.99351666133735,23.912583525995558
2020-08-11,6.330552015651728,3.6469293817057644,-26.472073953878866,23.96227105214625
2020-08-12,6.696999845649691,3.3307554535829507,-26.66985366011409,23.897485608910852
2020-08-13,6.38321851435454,3.3075118308335947,-27.098876363743305,25.10679996096971
2020-08-14,7.116257669070804,5.2105379917351184,-27.838449075909462,24.7119334687262
2020-08-15,6.978174214928638,4.8629730545823975,-28.194241881356724,25.49412503797966
2020-08-16,6.960269190618272,7.712851919362149,-28.563234827708392,26.53407663072527
2020-08-17,8.725015093512576,8.1486682523385,-29.395050984793258,26.974955592448175
2020-08-18,8.129978603834596,7.695565698281273,-27.572491418787557,25.900674114371895
2020-08-19,8.922144630415715,7.7951047404155025,-28.171755226818483,25.90945543907487
2020-08-20,9.874196065928455,7.4333155324680416,-27.79904706077071,24.386964072017783
2020-08-21,11.271081647163578,7.8315240699698245,-27.751742598066098,22.33547905072848
2020-08-22,9.752209516437716,8.836143794206995,-26.710906739241004,21.43574133390688
2020-08-23,9.139289601179849,8.403524999289523,-26.386258194906326,21.134926669904427
2020-08-24,8.9641727320861,8.960690502747626,-26.528403232947323,21.297004199877357
2020-08-25,7.416310966648288,9.827850453784013,-24.346326426913848,22.16721924227552
2020-08-26,7.1885417302440775,10.628748190150153,-24.094558554605907,24.29700196946934
2020-08-27,9.353941127382704,10.92029903796296,-23.069329380906737,23.192720582858282
2020-08-28,8.960766973660133,11.820283714973204,-23.336413877189703,21.389932177510804
2020-08-29,8.35214418211267,12.50316690242052,-23.562351205632957,20.80764010475448
2020-08-30,9.118211191693431,10.915844433606848,-23.187035320561463,21.979298353545584
2020-08-31,8.804485008376979,10.830200453940794,-23.140177025645766,22.78924485120118
2020-09-01,7.557121076806495,10.828884305344738,-23.529396871957047,23.10918503227915
2020-09-02,7.614721746673862,10.730743958951285,-22.504859241736018,21.875233423583733
2020-09-03,7.012384002920179,11.900724640515953,-22.38949242570202,23.75205965342103
2020-09-04,7.40108673837639,12.844367988384237,-23.894716775396915,24.572726352580386
2020-09-05,8.546436803652,12.527570898052065,-25.157284415772597,24.789160419066313
2020-09-06,9.216807328010203,13.39304009437044,-22.4047701521486,24.248762378431095
2020-09-07,10.151644157762043,12.080358987685033,-22.025579246262136,25.172462634685804
2020-09-08,10.220396273959302,11.91592474813724,-23.101828452861675,24.478566260101726
2020-09-09,10.285528138107747,11.98447801701285,-22.87785196446275,23.77232097976519
2020-09-10,12.17275563910394,11.221263058993278,-23.443943138230278,23.642033981546216
2020-09-11,13.564081638815868,11.569087613771227,-23.54745328643963,22.79717427997179
2020-09-12,13.402527137457104,12.876108481471437,-22.271874835011133,21.20055890838537
2020-09-13,12.699110088727803,13.25284676306738,-22.04373133152235,21.27547835540342
2020-09-14,12.878638093709487,14.482247678388203,-21.016399206701678,21.693858244876548
2020-09-15,11.616262836499955,14.49146691710716,-20.694445470879838,22.168173960561912
2020-09-16,10.705458496012477,14.984437948178401,-19.478458008939327,21.543470286865123
2020-09-17,11.263216423017234,13.919459440495748,-17.86992598585215,21.604181657049878
2020-09-18,11.187912454103747,13.24824824174701,-19.19443888457994,23.175308614999416
2020-09-19,12.15961215478835,11.738717148871507,-19.185567728818313,21.492207352018717
2020-09-20,11.517587785313715,11.22748490511752,-18.72527042468346,19.503190277866654
2020-09-21,11.43756663136806,11.35137984786529,-18.740203129186177,21.268485995551874
2020-09-22,11.562300202740085,11.778463714883726,-19.275262882698257,22.40805680826594
2020-09-23,11.735662899517912,13.098125164240908,-18.614438560601553,23.419651165528666
2020-09-24,12.49320229516435,12.163003325246745,-19.695489368230227,23.998475683495336
2020-09-25,12.555945112321151,12.895492835823507,-20.45029376736808,23.086850217122045
2020-09-26,12.77488580380862,12.39304946149454,-19.895584524606065,22.51283979778829
2020-09-27,13.287619881360374,10.040753810482238,-17.934983705886378,21.757750980142752
2020-09-28,12.834789862245282,9.982841222277676,-18.078999298513214,21.200783340727487
2020-09-29,14.694465299116937,9.123367424685826,-18.91060713781886,21.80197464792941
2020-09-30,15.998808866415882,9.320790929895157,-19.041149478182625,21.89540492798314
2020-10-01,15.140522272529076,9.889505927937957,-17.383442992277697,22.22240945471213
2020-10-02,14.751958551005627,10.924892319066203,-17.342263257453578,21.229844373403758
2020-10-03,14.29903616198113,10.250008858321534,-16.519309312408716,20.053527179184044
2020-10-04,14.358386779415671,12.852684094274135,-17.40617317883175,20.927850348628215
2020-10-05,15.09197536202961,14.703669363070986,-15.878164803556375,22.492869604517114
2020-10-06,16.266755637561285,14.470590587187155,-15.717149673893232,21.682124272416665
2020-10-07,16.853863458343287,14.812009204655482,-14.418813072447135,21.06968753457086
2020-10-08,16.374255659033977,16.248842097437866,-13.954772141485053,21.34422177533052
2020-10-09,15.767207188672895,16.68994644913657,-14.1198389163138,20.789875125463045
2020-10-10,15.846894670238845,14.132573154374224,-13.966143695296369,21.888784379147587
2020-10-11,15.89772547530087,11.706624917782634,-12.31421812377694,23.52201037173063
2020-10-12,16.07658188782426,10.867930309444175,-11.982364260840987,24.824229596473018
2020-10-13,15.03949783769726,12.197395342419012,-12.511774241217907,25.778681738931784
2020-10-14,13.653370671421962,13.946104969205322,-12.929754303395699,26.864787194568976
2020-10-15,13.513396892184456,15.00004803311702,-12.090786645655934,26.956058053852868
2020-10-16,14.135807889590355,15.953121572653572,-12.24788366913769,26.557215175294843
2020-10-17,13.214640597914777,15.960732917897511,-12.106361056749652,27.173427924993966
2020-10-18,13.58868792847907,16.038754224381634,-12.369116912379253,28.812458530008957
2020-10-19,12.795773589254983,17.30915679172054,-12.497656430015441,30.57416565600279
2020-10-20,12.860125783464307,17.03992321503695,-12.672168362752974,31.161024120440292
2020-10-21,13.467223988800397,16.57261491533096,-13.55593919673149,30.977862718266735
2020-10-22,13.386195567346453,17.514091697869297,-12.52269408377938,29.768667761926004
2020-10-23,12.539063268114164,17.962493748174108,-12.012258251542749,29.759152129012694
2020-10-24,12.729410896311142,18.651442083294672,-12.326519421110996,28.741987565784754
2020-10-25,14.100748208975125,18.943100696398616,-12.705388211782989,27.78929660539683
2020-10-26,12.129920159033233,20.64144487724832,-12.578518152679855,27.589279537801126
2020-10-27,12.654812933467108,22.71579025596029,-12.013575387305861,26.739857376346755
2020-10-28,11.638800893346977,21.856918341261153,-11.57210328443714,28.402069735168762
2020-10-29,10.713795264076685,21.379952591928973,-12.329221014350738,27.215781120259294
2020-10-30,10.850728590776907,21.238991398441705,-12.11277914407141,25.81419568841895
2020-10-31,10.906176216688829,21.3538416172705,-12.386165970095892,26.245434799172664
2020-11-01,10.652841132612512,22.439171935252737,-11.823522279601468,26.14652526554476
2020-11-02,10.165476522340239,23.10838994005529,-11.438452099516544,26.96588065214483
2020-11-03,9.461409015596496,22.784022968070477,-11.144656390975287,24.971093566033144
2020-11-04,9.198783853108628,24.20047160675535,-10.099251229488866,25.558297348137643
2020-11-05,9.253286268921203,23.881270794592016,-9.355777451662956,27.65968334351294
2020-11-06,9.304131465891997,24.798266265535563,-10.426657261024118,27.96599483803418
2020-11-07,9.479213323004966,23.621695627724563,-10.143187910828274,28.384869488010345
2020-11-08,8.403866446949678,23.48302871925814,-9.257504697367033,27.52081203575879
2020-11-09,8.88690170561738,24.138580332261927,-8.8402934685384,27.656380638392744
2020-11-10,9.7582939214077,24.12879441654366,-8.027866489189694,27.943394845839016
2020-11-11,10.211204216304326,21.992906887440913,-8.632708223823407,27.23486751406732
2020-11-12,8.14840231778686,21.126075041747264,-9.99402660522805,28.370925000218666
2020-11-13,8.754883943326723,20.49326620338584,-8.114982177231369,27.028106845494584
2020-11-14,8.62853496149118,18.482740482761567,-6.655968848585676,26.008713345898265
2020-11-15,9.133614593680013,19.532076181691423,-8.529351103958962,25.918594664581004
2020-11-16,7.97405876407981,18.745288554783368,-8.442084771931533,25.669574333465363
2020-11-17,7.724279372437928,18.22006338016605,-8.841921632727002,26.3861980581449
2020-11-18,7.250892573149296,16.91079269981163,-9.935143303768697,27.61669836068976
2020-11-19,7.159321401933318,16.86195410009639,-8.443813481513397,27.917965484135102
2020-11-20,7.48243179952574,15.939581533777432,-7.867865267487499,28.931806865100473
2020-11-21,8.467881340713888,17.01582936775401,-7.078302296030736,28.59301681383085
2020-11-22,8.28654667424376,16.19712915734245,-6.350356758551134,28.253673395593093
2020-11-23,10.32889351706758,17.676116287767243,-7.353405404129691,28.464028913095937
2020-11-24,10.824090890938018,17.053481301692152,-5.358615862913027,30.377101080671885
2020-11-25,10.018230671456418,17.783511672845457,-3.070000595141054,31.98226378738488
2020-11-26,12.13006561315325,17.68539732048958,-3.5012089362166594,32.55046808008959
2020-11-27,10.832830037167133,18.201066329280845,-3.526390588176457,32.86484219627029
2020-11-28,10.102589127217895,18.554494812921664,-2.387424370327176,32.3471940482579
2020-11-29,9.925280543036209,19.931454231668138,-2.5306225129255573,31.795243208632563
2020-11-30,10.09967867355855,21.00930464471734,-0.6937226236514555,31.820870699128232
2020-12-01,9.653424015066843,19.96842147858367,-1.5999485143731311,32.30249973003761
2020-12-02,8.222400047628366,20.81483310985944,-2.194746303092131,32.359624561136776
2020-12-03,9.48873423325623,21.454787279498163,-1.981580141585551,32.438548246247734
2020-12-04,9.597593568930407,21.00229237623054,-1.0154423205671839,33.824476629643364
2020-12-05,9.44639712141551,21.397108754575033,-0.7342235267912762,31.82849417454026
2020-12-06,8.39029869610896,22.6137082757669,-1.7499384348076121,30.870123408150203
2020-12-07,10.032261394751787,21.5565618531286,-2.244111750191691,31.295233594342424
2020-12-08,10.265097923782779,20.534133910854898,-3.6925344379690985,30.17729674935686
2020-12-09,8.89740640802567,21.672252419905057,-2.5247847507396743,29.958024161641124
2020-12-10,9.568138917919457,22.130208731460623,-3.218758045732765,29.276271459719872
2020-12-11,9.994421117296216,21.07323858056565,-2.8228209810788845,29.162021040996724
2020-12-12,11.713218484354652,20.49283917803687,-3.3596933267438045,29.734588538658585
2020-12-13,12.385387972749506,22.962410174554783,-2.8355926249129086,29.827185664008187
2020-12-14,10.506837562702149,22.600715134074566,-2.7585818718987296,27.77812075379743
2020-12-15,10.440847394860784,22.52116193188207,-4.488452804203412,26.87444369000892
2020-12-16,11.662175205443042,22.085296889724805,-4.821252513674797,26.017256387112283
2020-12-17,11.391526389169055,21.484874801862603,-5.581960765827771,25.62922208162893
2020-12-18,12.009409077362287,21.83751300459046,-4.338090934717204,26.50135899439745
2020-12-19,11.561860883108054,21.709448846071925,-4.573938640910802,26.612923405102084
2020-12-20,11.544761796748594,22.74325762790429,-4.572834462177719,26.11718115978272
2020-12-21,12.491406263133628,23.76863359296304,-3.390791618684462,26.81855048092569
2020-12-22,11.016237880867548,24.971521195818607,-3.1976348907900927,28.34596310713016
2020-12-23,12.19607704717553,24.543630713669888,-3.995084857186054,26.491313612759814
2020-12-24,11.153935982608687,24.182523724038386,-6.096017224573858,23.647306573488883
2020-12-25,11.894923939701235,23.759317241239817,-4.7269398462625,23.914793626981506
2020-12-26,13.754417948518062,23.939819449680503,-4.306168173177825,24.025050690471428
2020-12-27,13.279099830177106,25.14584247586685,-4.392935082010592,24.196817842844265
2020-12-28,13.779184613460055,23.73414074611003,-5.4116802437399505,22.551070334705635
2020-12-29,11.507264360978656,23.7580436285316,-4.316787175492763,24.39433414190353
2020-12-30,12.0128005563178,23.668558141932756,-3.501008808146896,23.65676797028126
2020-12-31,11.162440158927362,24.22584462756774,-4.824738238177317,21.474954502216534
2021-01-01,11.226268432260543,23.849088428134568,-5.011837477342256,19.566173657675726
2021-01-02,12.844482201434797,24.42679882773576,-5.862989436251155,18.623451341957292
2021-01-03,12.556909594166104,23.98866633112716,-6.437070097909563,17.823308576346346
2021-01-04,12.231648215298552,24.809505549688005,-6.893197055782993,18.34448987252399
2021-01-05,11.479144868490781,25.821483196088284,-5.781313126468434,17.95095677811268
2021-01-06,11.03132443112468,25.598885003622943,-6.214709383445283,17.394058563636467
2021-01-07,11.033867640421185,26.637558840945257,-4.153639641284013,16.724818960404985
2021-01-08,11.582147968218317,27.21033727401473,-2.9422540988145442,17.326466437727014
2021-01-09,11.048525313520898,27.22821234117153,-2.3748405145014218,17.18087510356064
2021-01-10,11.195842403494087,28.270631473308054,-3.080248114375877,18.023952527667014
2021-01-11,12.711532061954903,28.496249890554935,-2.447826119360518,15.706535865523591
2021-01-12,14.315608147508783,28.93454796959703,-2.7138060927840795,15.25073522095343
2021-01-13,14.346160017306369,28.507408381312136,-1.582124077638714,13.074131057661532
2021-01-14,13.340604664778965,29.68993774287154,-1.1470543156485091,13.199516807842619
2021-01-15,13.196017838571892,28.16830677283068,-0.16494842617048022,14.064921392030726
2021-01-16,13.38653303303556,28.193115515491268,-0.8302434065722777,13.3901556028942
2021-01-17,12.20555947325724,26.026523942125817,1.5953055264287623,16.19276691661038
2021-01-18,10.924489505311321,25.52081945013549,2.1642310078605878,14.887372325631235
2021-01-19,12.634905199035638,25.976820529523188,1.595690903114924,14.98791896384338
2021-01-20,11.059463549703061,26.08560979493254,1.1123609982396925,17.84091367180395
2021-01-21,11.131369673149566,27.657635432695898,0.287035584771023,20.375555894558385
2021-01-22,11.564076842074657,26.868355323788553,-1.3222589600823933,20.998712019271274
2021-01-23,10.799380975077518,25.789042766842822,-2.1862993794763588,20.60053070574111
2021-01-24,11.12188785664104,27.18157756695354,-1.9948696000917572,19.211437882677195
2021-01-25,10.388201371055173,27.645829999399172,-1.2175578292438096,20.996474129809258
2021-01-26,12.021358270509694,27.577235943562414,-1.322404581677181,20.342023778384355
2021-01-27,12.295580645230133,26.92130285699753,-0.4284919220304704,21.258216220337935
2021-01-28,12.833069049016506,25.775453539660102,-1.3496102613169847,21.516087538641184
2021-01-29,11.650011169433311,24.675076793593455,-0.3334304373287229,21.27330632969499
2021-01-30,12.225836718980759,24.811196734859546,-0.6580387407562402,20.703789221697367
2021-01-31,12.420012493519156,25.350321957728422,-0.3140538769007411,19.892922324818457
2021-02-01,12.108258474291913,25.951682345979297,-1.8741921415628302,19.951661627354877
2021-02-02,12.166555560020896,25.48354627289699,-0.8511180831786214,19.48404214985884
2021-02-03,12.585261164558595,25.57685529083458,-0.23485154596081403,19.46602187562903
2021-02-04,11.754677425350865,25.318088918350682,-1.5713419542248328,19.963656655624362
2021-02-05,11.186318973844488,26.651475378151105,-1.6929232073908926,20.40788577155832
2021-02-06,10.580324671433823,26.37995428014449,-0.2434495353840853,20.036705306046258
2021-02-07,12.273303251579609,25.274003666899173,1.9966059556681512,21.277610394176335
2021-02-08,13.10347938545477,23.80789603667378,3.2285600452130945,20.768017678613635
2021-02-09,13.831460547685806,24.059293557041173,2.937689309639338,19.08149915506312
2021-02-10,12.653195558840478,24.671131733904772,2.1554243130962765,17.83440693720685
2021-02-11,11.797988363022279,25.026209863431234,4.527669006670019,17.522224236531322
2021-02-12,10.724865940669249,24.931556504559527,5.223166922193059,17.454604493892756
2021-02-13,12.571505899483556,27.011826834939146,6.0688970932824065,17.117516900829457
2021-02-14,13.01461302291059,27.3003495092246,4.748717503739543,18.428852537932414
2021-02-15,11.949432942140012,28.289866645847244,4.0455011811788815,19.41457105303807
2021-02-16,10.988815199395596,27.497920959367473,2.5196749187780263,20.8483677928158
2021-02-17,11.120607131874817,27.168869344144408,2.1460485304353636,19.68110093124302
2021-02-18,12.773632304740884,25.560325383976036,1.6642102878407707,20.101813138655245
2021-02-19,11.749606569573984,25.45198885073602,-0.08930129799056141,20.54903613202756
2021-02-20,10.879178731363524,24.00239858181201,-1.110120418604087,19.985878062620873
2021-02-21,11.952137772052845,22.848146878751358,0.756178160367023,20.3821715101612
2021-02-22,13.35761661878615,23.499037432668686,0.9527527348744472,20.649802670724256
2021-02-23,12.908147090667876,23.29231281017135,0.5347855313779002,19.699907659353237
2021-02-24,11.800757872234021,23.365481660075986,3.084212434092989,20.048043884525335
2021-02-25,10.288152878291912,22.241569750815678,2.030172144552597,19.309320069151276
2021-02-26,9.904438700452918,22.272076808834377,3.0452950117464033,19.436388472799695
2021-02-27,9.158178872707476,20.152145597317578,3.94901419782938,18.877081836600436
2021-02-28,7.475900911216952,20.63494613478917,4.650396226029122,19.20341528106522
2021-03-01,6.504652125499544,20.816196428477465,4.515334230139266,18.97828109242331
2021-03-02,6.3590444661824135,21.38935675803559,4.86935110323421,19.056150325042857
2021-03-03,5.396974461792675,21.590335474614882,4.888764791264023,19.01539875568163
2021-03-04,6.201112967867149,21.71094050613332,4.771577671247124,19.957461790428706
2021-03-05,6.438865495457882,21.571015713147258,5.069137606138065,20.109761206774778
2021-03-06,5.391526901193963,20.912519011418787,3.840799816175908,20.581727637447568
2021-03-07,5.749396935407752,20.509284488819837,3.6018911767162463,19.925392517057645
2021-03-08,6.805195245095685,19.28236845805499,3.400142906775626,20.842055372056144
2021-03-09,8.520565361849373,21.1233428398442,3.1518680443505622,20.915967247835404
2021-03-10,7.858231509062209,20.267267644945836,2.9032052609678733,21.2034070221204
2021-03-11,8.569221341689667,20.525573934046683,1.1970290013036733,22.754014816198136
2021-03-12,7.930939797446268,19.615064741809157,0.18999892548118003,23.642882147817595
2021-03-13,7.77330256068153,20.451617802714576,1.2106725091480706,25.105648975081483
2021-03-14,9.562868651464035,20.34980198723816,1.0946026953419616,27.24670295915501
2021-03-15,9.567080477403206,19.217325148145523,0.7527094723020629,25.41089764034864
2021-03-16,7.4111755628557985,18.98160362443012,0.11314879608721518,26.710401757040756
2021-03-17,8.017907250315753,18.510743184311316,-0.09447717891243318,27.3838303993263
2021-03-18,9.960902457886114,19.027380203299224,1.8382851178313846,26.626702644865816
2021-03-19,10.27614698124266,19.385105299099486,2.6376983096209976,27.914407643279073
2021-03-20,10.354558187141023,19.433200888122204,3.511887210278673,28.878010155098043
2021-03-21,8.568730504500559,17.949628133989602,2.061530014842061,30.01846580541445
2021-03-22,8.178514270902705,17.523980622063966,1.0704895557721945,30.406568630138068
2021-03-23,10.282085827512686,17.13998464069072,0.4373354080513788,29.273799413363328
2021-03-24,10.78024011898241,17.699841893902,1.1773177232651268,29.12869069071781
2021-03-25,10.842989539974742,17.82713159436461,1.5554474194537338,28.96413990913803
2021-03-26,11.163559749423618,17.91604174041156,2.651919083821846,30.47800375904588
2021-03-27,9.938983578580622,17.3555555668594,4.544215242569184,31.51987104848361
2021-03-28,10.568550918068397,16.838200416370345,4.7621433070012245,30.655396161955302
2021-03-29,9.947976396502945,18.937181674881483,5.015823255103212,31.020946193015828
2021-03-30,10.894069135395284,17.907663830602328,4.5581058592022865,29.655686802834175
2021-03-31,11.863665578404808,18.897933026240946,3.939900995783387,30.252892313601407
2021-04-01,11.0600017990179,19.80391261585956,3.5164347666617104,29.61964879377212
2021-04-02,11.23358154003431,19.608228575790285,5.424138475485369,28.826039097076865
2021-04-03,12.720586100657789,23.76736113860258,3.962685155656139,30.347642965644543
2021-04-04,12.71951860212278,22.699350732533848,4.245847521536073,30.42994166392689
2021-04-05,12.638517893856777,23.758411984360027,4.824651235334501,30.819976628979912
2021-04-06,13.207780990103007,23.086668598580097,3.9884511417798216,30.35434956209089
2021-04-07,13.202320589685248,23.09457827712687,3.8554757244306286,31.073480261139782
2021-04-08,13.233393630495184,22.742569477811426,4.555592193719125,31.7901313938731
2021-04-09,13.442877708369467,22.553518695285437,3.934697867621912,31.504327718520454
2021-04-10,14.250258588048242,22.050508054232772,3.9227587451397268,32.987799297617464
2021-04-11,13.874454302400538,21.269418219538448,3.7565801538620196,33.51277370723653
2021-04-12,14.529437202074899,20.893128100145937,5.424085548750317,32.888813090710265
2021-04-13,14.304794429382556,21.770258611242035,5.1490437674457645,33.81543310342558
2021-04-14,13.558713735846649,21.7585434345506,4.426650842835777,32.5514907381619
2021-04-15,15.319503833018807,23.16664090417691,4.400433972945617,34.44403685709233
2021-04-16,14.783103033232305,24.360415199521007,4.945784826031229,35.19609509240738
2021-04-17,13.547670801520814,23.796711939877206,4.81375591364481,35.04616042731665
2021-04-18,12.325305957798303,25.994356067549894,4.622846592507875,34.836581804181364
2021-04-19,12.067381339111696,24.49809178022064,5.044153021293498,32.52614178994249
2021-04-20,12.972254985108755,23.146182406638694,4.017156964153118,33.74495083385555
2021-04-21,11.936059281096975,25.286845317534542,3.1497062542416074,34.558796786906214
2021-04-22,11.971784807802988,24.828494002371105,5.562127008554878,33.888740112236704
2021-04-23,13.685436598822566,24.973755641210147,3.750664052813983,34.056295755260344
2021-04-24,14.020544272405168,26.844112287656422,5.103945808740739,35.10311111681282
2021-04-25,14.922396608815923,27.92844993548175,4.275622837563354,34.82373924179377
2021-04-26,13.662742783119214,27.56436541873518,2.760102686906175,35.79735591442027
2021-04-27,12.781698577242372,25.86100910138361,2.131580337212074,37.77532077209602
2021-04-28,11.292635283961221,25.412615223076223,1.0919463657338129,38.606392010782066
2021-04-29,12.385194461917466,27.489458871212253,-0.030759334017403495,37.50985273428165
2021-04-30,13.082268350460042,29.346010521040878,-0.39872673107473366,37.66156803781763
2021-05-01,15.365169401738227,28.975549214825804,-0.488097509026685,36.846534924094776
2021-05-02,15.532125012447903,29.469467817031525,-1.260019580705454,35.475747048284305
2021-05-03,15.453167470742462,29.324497968142104,-0.47783174934412664,33.941106536722764
2021-05-04,16.15164469883523,28.453220741695596,-0.560674554159696,33.19441862029537
2021-05-05,15.353628442190109,26.601297298936554,0.3088750927846582,32.04961369615372
2021-05-06,15.205993148333777,27.733363356848134,2.0564396788347477,32.05779383424314
2021-05-07,17.016984091331928,27.702507398010745,2.511147208315244,31.218467048978468
2021-05-08,17.763616895688063,28.698833537666506,1.4886359026366425,31.430794193551257
2021-05-09,18.134538156924183,28.776596812325113,1.445087146572041,31.09720943258691
2021-05-10,17.495236347468598,28.50640267636976,3.331924827089402,31.021347837509232
2021-05-11,18.861548434043556,28.897835394040783,5.7083064921987585,30.47407016709998
2021-05-12,18.816128442714135,29.19203136598671,8.067110489684653,31.71304664593946
2021-05-13,19.375976319209133,31.026365543571103,8.673996830894332,30.921164808894655
2021-05-14,20.874317313112314,30.394652716930274,7.52722802248704,31.387420619239798
2021-05-15,21.09748604709622,29.528076556030225,7.815510446615003,30.055713253520132
2021-05-16,21.18025004772284,28.679734252475935,8.528732738498608,30.28564021347543
2021-05-17,21.512486798786696,27.77004040260343,7.622399908771391,31.75596393045659
2021-05-18,20.40787369869946,28.199233103505485,8.201673656731531,31.46066014299442
2021-05-19,20.368621727980457,27.974263018674748,7.8667945221196645,33.60924486101482
2021-05-20,18.039390941852954,26.31002126826835,7.817428642793295,34.99050914432501
2021-05-21,18.343099748598476,27.842111199314118,8.891455504268924,36.460807824218506
2021-05-22,19.082115602320773,27.138937197363763,10.511631230934762,36.12654166585197
2021-05-23,19.2308584613449,27.6237768593137,10.00203528472124,36.45565391004153
2021-05-24,19.96547733641204,26.98058747519324,9.844254190285174,36.930520265673124
2021-05-25,21.602860678758148,28.449429653875185,9.368511050681523,36.79213823751588
2021-05-26,21.101447567231407,27.90202007440874,8.880943430789268,39.02734683557608
2021-05-27,22.293563536111545,27.08519561693081,9.133294180223901,39.114929429710735
2021-05-28,21.58538892715252,26.073861274498707,8.986157320669166,40.07378272947469
2021-05-29,22.162262571636578,27.258694150314117,9.317629586977738,39.61039921874146
2021-05-30,22.34916059079934,27.37434817082733,7.903666429736164,38.729386851322985
2021-05-31,22.30643620037606,27.929739934375853,8.860502847193606,41.76810250344859
2021-06-01,23.317910329258055,26.49550301398784,10.258681662865046,43.68296853111295
2021-06-02,23.987471000925535,26.724183282346285,10.043740997293154,42.50488330425498
2021-06-03,24.788238230171018,26.683968193268964,11.165027155441798,43.59160753402146
2021-06-04,25.445313308190446,27.270407574300037,11.463919999281062,42.841760015499446
2021-06-05,26.03231030011389,28.120900483122476,12.577487353811737,41.92612836200491
2021-06-06,25.56880370464556,28.973067264520335,12.437244570197684,40.40377299427507
2021-06-07,25.468199845871858,27.59772826411963,11.600555647772161,40.785723668925684
2021-06-08,26.060322119067994,28.047104779549958,10.196255944367497,40.55220133398538
2021-06-09,26.032626219590252,29.630261290378172,10.471894655373145,39.984773278887815
2021-06-10,26.036468199894713,28.95804167861953,10.329857399929582,39.6278047232454
2021-06-11,26.347414884325985,28.25023449125875,8.585833883847062,39.07283773532964
2021-06-12,25.069959231868943,28.58394851195478,10.016429069863682,40.92589323874131
2021-06-13,25.177938951604037,25.312555268808207,11.01697233820785,40.198320043508105
2021-06-14,26.88008078642095,25.25861292057193,11.186776634973533,39.416539453891744
2021-06-15,27.244510596441724,27.593003785331575,12.15222983421984,39.37311647868626
2021-06-16,28.408829507203833,28.583334555409937,12.947542873539591,40.36027217358807
2021-06-17,29.341950628205517,28.598282359784402,13.461097355412049,39.13701324162316
2021-06-18,28.83932232743511,27.294151037616643,13.806717855082567,37.54268276581618
2021-06-19,28.689086021640914,26.10051934238977,13.705147800301196,39.10231723042976
2021-06-20,30.390860490772074,26.98288785750461,14.342243931925392,39.64547969520477
2021-06-21,30.10172678984187,26.303924127695637,14.363554143237081,39.502779906007454
2021-06-22,29.688624914902736,25.313907347478057,14.12893988140612,38.67534611870341
2021-06-23,30.77027006054216,25.418829305422555,13.995592117670313,39.18676723732722
2021-06-24,30.41253829709927,23.72000438344697,14.776937429609974,38.286621629457464
2021-06-25,31.4678987975804,23.145906419095528,15.473619454987137,38.18801879499708
2021-06-26,30.9058728656585,21.992087770588768,15.002174239263367,38.55738322715205
2021-06-27,29.405222616578683,22.18231670122147,15.827155207272114,38.78419789059076
2021-06-28,27.95954501303837,22.567738745317953,15.391449361538895,37.66082636816815
2021-06-29,27.22936077792557,22.62389198968203,14.120314703171573,37.388240937812576
2021-06-30,28.102548469473625,23.501738878201078,12.55880768558538,38.81808731592645
2021-07-01,28.203136639920032,24.17326396836932,13.009880081123812,39.336161780944956
2021-07-02,25.956283397399332,25.586474140533795,13.605366126977827,38.83390320096788
2021-07-03,25.610058476659873,25.587446680352738,13.516528761074984,38.80570026865537
2021-07-04,22.858547641825613,25.145777687744967,13.724863028754232,37.05618413209951
2021-07-05,21.389267939076852,24.19517738499484,15.022277559464834,37.76302338217021
2021-07-06,20.26919984597732,25.35448940291576,14.04865501311897,38.60107731808063
2021-07-07,21.44942950652481,25.0026985481974,13.670124697957583,36.48121088466068
2021-07-08,20.16718908369087,23.70623818661161,14.11907336794152,35.83536417554998
2021-07-09,19.84350586680962,24.36578956107667,13.623165688482082,35.86855237783758
2021-07-10,19.163206780851528,25.761099815614937,13.124744670475366,35.262990150474266
2021-07-11,19.716303345607507,26.287999913200032,13.080072698567394,35.7450647689611
2021-07-12,19.70732737818128,26.86151334276784,11.624534841259246,35.661120441852695
2021-07-13,19.381765555883845,27.30156794169488,10.095403143458599,36.30898833482233
2021-07-14,20.286501738347518,27.374798785142378,10.385274011910438,37.29650740691103
2021-07-15,22.182295399854446,25.980955159904028,9.804395633003576,37.39376268423054
2021-07-16,24.06033935709312,25.0047465560925,10.381905470701252,36.73420039102233
2021-07-17,23.724923774271993,24.368480923491507,9.687434917986646,38.23098395521976
2021-07-18,24.690608067003335,24.54776484816938,9.382617154271262,39.06753200872178
2021-07-19,24.78351614666612,24.684454379499282,8.718245854004486,38.148849729055385
2021-07-20,24.53176535099409,25.8018886098504,8.760241104757558,39.241133319742616
2021-07-21,22.985274473381416,27.125468775953813,8.047526849254897,39.96348393633759
2021-07-22,25.097627760510857,28.210857175615715,7.714484212981845,40.91475984788593
2021-07-23,25.695307327370454,27.461932852215106,8.357978786391552,42.19331318709896
2021-07-24,27.70226492825536,26.49531416154054,8.086003229164879,42.959430976293966
2021-07-25,28.047960603847994,25.57198479575697,9.124001493648699,43.36407058622249
2021-07-26,26.99160514321706,26.82411725525823,8.963370457476126,44.52816874273864
2021-07-27,27.33220154855911,26.745831216267,10.23778041307797,44.39632951702342
2021-07-28,28.5933520202879,26.890412615440955,11.274158529716948,44.6452821462992
2021-07-29,29.03507622878291,26.419674536513217,11.130604324455012,46.279056934626695
2021-07-30,28.83433228490005,27.11342788456054,11.03913623767969,45.43682249715491
2021-07-31,27.331518407371263,27.08187014618514,10.618278196290131,44.72889880384249
2021-08-01,27.54882830088583,25.806483800314314,9.578879187987495,45.41733371135618
2021-08-02,27.90232266448361,25.585879146397314,10.012761345383675,45.528822774913195
2021-08-03,27.358273202500328,25.628905902379703,9.893503457063069,46.78505047933754
2021-08-04,28.6953723933674,26.600793237094333,9.750190478053923,46.909772467829164
2021-08-05,28.67114397243558,25.62228890277665,8.625323192055967,46.58866388797416
2021-08-06,28.26049151634906,25.897108166351845,8.394373708412772,46.760910165942256
2021-08-07,27.65491053922903,25.54382693764552,9.163300391494953,47.03300126054204
2021-08-08,29.33974136783617,24.23342212691508,10.540726618879205,46.379683237033525
2021-08-09,30.78934085082105,22.8674326316424,11.185185098231333,47.03413742109188
2021-08-10,29.438418241692364,24.031849557477713,10.82835630477899,46.59187195524784
2021-08-11,28.953034701677588,24.12304442823554,11.31814476388428,47.86614395887154
2021-08-12,28.680237854239934,24.63993156141096,10.446684264127278,46.8117800508925
2021-08-13,28.499657837452464,25.741984035483128,9.133527400253074,46.561003308728786
2021-08-14,27.721206996387718,26.805853035035753,10.092186075596345,46.40921487831947
2021-08-15,27.557550693270365,27.240130411756365,11.75086940200618,46.8592283173419
2021-08-16,27.37713136574915,27.016142160515564,12.049084259667254,47.81165246081144
2021-08-17,27.842110670028987,26.782310668218898,11.408136375705112,49.384552003741675
2021-08-18,28.268267236546517,26.709720407624665,10.996172870336375,49.3079371827143
2021-08-19,28.092026025230098,27.79471297557511,11.845931520298635,47.89075552788137
2021-08-20,27.665613699574926,26.730655955175223,9.981701620012476,47.924648300754804
2021-08-21,26.410729301910504,26.563694568980985,11.656807209776748,50.15197180852089
2021-08-22,25.61701817647648,26.35403765115492,11.328883037320796,50.63296823655272
2021-08-23,24.48420802631049,26.202790633805503,13.12515464691553,51.48880015956707
2021-08-24,24.846761079069257,25.979953103786773,13.277293588317194,51.30502374771501
2021-08-25,26.76397214103246,26.463146500026568,13.689232428226108,50.940142644142
2021-08-26,25.797946706853303,26.837020112182532,12.363271461161524,50.616414735141014
2021-08-27,25.121390116678274,27.51869885759021,12.018687597968343,48.99713458654247
2021-08-28,25.840785535235675,27.716253757164022,10.475580613503922,49.73474300498338
2021-08-29,25.285094964964006,27.730161113799028,12.020672708341406,49.737294300647996
2021-08-30,26.0124656675559,28.442328520328807,13.786919029624176,47.6444413426654
2021-08-31,26.18032166775473,30.607589081103768,13.61889262391973,47.71171678213003
2021-09-01,26.890711506751497,30.35722641003729,13.454053141416033,48.156267681199125
2021-09-02,27.04992140653238,30.270785947918924,12.083622473688477,48.99726824542158
2021-09-03,27.81679730969756,29.34406705219065,10.424308374337791,46.907721227006235
2021-09-04,29.709397106513507,27.47035727691728,11.326505634507198,46.890418194346154
2021-09-05,29.182419089862556,28.88604615900389,13.092739041707208,47.24613866978069
2021-09-06,29.004389736114426,29.223728814166694,12.314629259019501,47.55300260041609
2021-09-07,29.312453891621914,30.051068379287017,12.598146970849447,47.920425789825075
2021-09-08,27.973892245068246,28.97562368082593,12.759869175796833,49.083908909720826
2021-09-09,28.692124551505657,29.479196361720298,12.905708931414509,50.30392965550588
2021-09-10,29.885756870216323,29.25778145239745,12.622009417607913,49.94164163630767
2021-09-11,30.231197263520723,28.08975901492504,12.192490889123196,49.460168379871604
2021-09-12,29.160350162579213,28.258176755897168,12.33712045807282,48.55935095835741
2021-09-13,29.362578282052016,28.82033732983703,12.656219716719066,47.36483471359315
2021-09-14,29.08250517522585,28.268047428130636,12.275834931706276,48.79261808079344
2021-09-15,29.546494243825258,27.551207088598353,11.537411719598891,47.41632426465076
2021-09-16,29.828534407128824,27.094310749225254,11.407470162120195,46.5671396547664
2021-09-17,28.019204808391287,26.23300177092502,13.416236281383506,46.853121397871654
2021-09-18,29.350777392933022,25.354785076714432,14.269177562357624,45.902481464386234
2021-09-19,29.476295397068483,27.457099520335852,14.543319962556229,45.02431879972876
2021-09-20,30.701184007684354,27.7978641912378,16.293561362973293,45.925805662013715
2021-09-21,33.49705824423481,29.55048871803301,16.77566121284723,46.964797700792985
2021-09-22,35.33146266053811,30.445951685262504,15.958940156985088,47.37040436910719
2021-09-23,34.53717147182572,31.547769770687406,15.574899659795932,47.39876997100218
2021-09-24,33.28176627020638,29.46478049436073,15.519424962189358,45.97292405589658
2021-09-25,33.52330746222858,29.15129639943485,13.750738201458011,46.68000893710345
2021-09-26,33.72206529986236,29.289107933820873,13.407695764276982,44.93667537731334
2021-09-27,33.971674806190876,28.35193336469844,12.413911470293925,44.91477159588624
2021-09-28,31.36035990902346,28.815727300844806,13.28007633880391,46.45865858043912
2021-09-29,31.478226961236306,27.73219236681446,14.463912913112363,47.22334320193015
2021-09-30,31.55159337430126,25.8849887086734,11.170800625002492,46.71114235156192
2021-10-01,32.332838132502744,25.48740554972572,10.630723341387393,47.59388380947445
2021-10-02,31.76236456098993,23.93825143386015,10.916152380586535,48.82695925482049
2021-10-03,31.98247501747568,24.912606067694067,10.771520016951808,48.732552732946296
2021-10-04,30.381899407636457,25.887592306827905,9.2026572821754,47.84949408130709
2021-10-05,30.098847047478507,25.496664127640226,8.979584547500572,46.92744163416123
2021-10-06,30.10590022149706,25.795520947359627,7.885698345007182,45.91241784135515
2021-10-07,30.556319990735286,26.199011986186697,7.858089892970101,45.050433838125095
2021-10-08,32.02559622635018,25.082152570254284,6.995715298347721,47.27389781491749
2021-10-09,30.96359287520062,25.643730029038046,6.739178797671627,46.58758496067316
2021-10-10,31.583519591127875,27.19016916209412,4.206346973828941,47.137732612097416
2021-10-11,30.938302358890862,26.41956652854336,3.6093676012370803,45.520515251961015
2021-10-12,29.972578518336253,27.025224528313146,4.892273225542793,46.878168156786415
2021-10-13,30.721784928217208,27.043433443585663,6.4721157267108484,47.27747099280155
2021-10-14,29.79158637754471,27.38669717295964,6.488977236245964,47.95460045105409
2021-10-15,28.398261679813753,26.789373131258035,7.26879631391918,49.69253581390547
2021-10-16,28.044571804110845,25.32554705068172,8.043211425546444,51.29399477085439
2021-10-17,27.95800165861733,25.54987113636766,7.849087408397392,51.36245055847579
2021-10-18,27.351697662205073,25.704607272252222,7.212568925246301,50.75691083361644
2021-10-19,27.522545773184458,24.60997948328559,8.249377527696181,51.84684144783542
2021-10-20,29.03949204878747,23.15080846064381,9.144545423759528,50.070829312947325
2021-10-21,29.02483887987239,24.92782839812625,10.871298612336297,51.58947157428554
2021-10-22,29.85719413017134,26.17189478693708,9.782333730399694,53.25329594881726
2021-10-23,31.33705958093394,25.056606931662422,8.629106368959517,51.21402651720354
2021-10-24,29.63534833499036,25.730654431227826,9.232197731371436,50.304971924797734
2021-10-25,31.024356163998068,25.40723381513024,9.975656362114242,50.18970676230268
2021-10-26,31.326720748508855,24.94297467878198,9.073401528974001,49.9198940556925
2021-10-27,30.86803833473424,23.867595626481027,8.776485482062935,49.757632652757565
2021-10-28,31.967380562870648,25.603457530558952,7.506980062250785,50.63877133670893
2021-10-29,31.780280620401676,25.710113930768564,6.947275581383972,50.176302501777414
2021-10-30,31.55930177046544,26.59104011077878,8.144936904152434,51.54918441191355
2021-10-31,32.83380730616823,26.79530444344706,9.252316928360733,52.816613246307256
2021-11-01,31.54479121212028,26.94229711592773,9.470580084172834,51.486375256465806
2021-11-02,31.613587209429948,28.60101981779742,8.267925308240619,49.64401774545244
2021-11-03,30.837359469019983,27.561081658280266,8.82598423381764,49.714661850944054
2021-11-04,29.789366213631354,27.4273826870712,7.956144704554441,49.51361969553391
2021-11-05,30.371193230118635,27.721923418906517,6.661974744893166,50.15324951793171
2021-11-06,31.237447051265494,27.175215871187056,8.858471690574914,50.2588722822315
2021-11-07,30.410395467830654,26.902479842957852,10.4275561372613,51.31211083899361
2021-11-08,29.753913387620873,27.830861056430553,9.754733423058283,51.458062468910484
2021-11-09,30.60895014144759,27.726253024436616,9.578520516557909,51.0304388137845
2021-11-10,31.551746430521238,27.782488913981176,6.922112999144207,51.29395800504051
2021-11-11,32.818812433745876,26.885783306244846,7.138951423985827,50.15862468977435
2021-11-12,33.64495570089523,26.462663015260173,9.321683570474942,49.3219971431935
2021-11-13,33.641852450812195,26.546120568697813,9.100483258801866,51.0508846437233
2021-11-14,32.5939588360296,27.49004641881963,8.076330909931302,49.66692507604217
2021-11-15,32.394809879668834,28.928834189149235,9.379177008346948,50.18850927330589
2021-11-16,31.17460879180123,27.07515569495247,8.025846892885987,49.31223426216434
2021-11-17,33.30230367795661,28.12012449840649,8.210488471320737,49.88361113113859
2021-11-18,32.162905307631625,29.997922133684547,6.204071924294238,50.130628100385316
2021-11-19,29.86665778327365,29.192571708397665,7.693730198774943,51.72528740599945
2021-11-20,29.84852657412449,28.76525370746356,7.29310084770625,50.155150055236156
2021-11-21,30.19768141063461,29.790188544041385,7.284982661004037,47.99600185486255
2021-11-22,30.263066897504576,30.027465393700687,8.00652212752409,49.04662860458764
2021-11-23,31.061248844101595,30.863053175165458,8.413757746675905,50.312699115845234
2021-11-24,32.25688009428116,30.657012745082625,6.353307187160906,49.947200212970884
2021-11-25,31.427520216915592,30.39912491494173,5.6225695510834095,49.70389271164242
2021-11-26,31.358484481189628,32.12683351095666,5.799946606860672,49.62000193055978
2021-11-27,30.705656824839554,33.00589502796117,5.53025127910727,47.182565448521444
2021-11-28,31.29573427821702,34.144499855132096,6.200760351591405,46.958742469901296
2021-11-29,29.860578218896986,33.971482933658024,4.95130320484918,46.607371547615564
2021-11-30,29.093762433014252,33.64487536909587,4.658877681028267,47.413194781285426
2021-12-01,27.655683533834434,34.67476666788273,5.3426801913104605,47.4137252745088
2021-12-02,27.68471684596566,34.683062468918735,6.329204748487439,48.917552306794555
2021-12-03,28.936715672511866,33.806139616135916,6.261060580869183,49.32007646567194
2021-12-04,29.42913369097303,34.09052387267768,5.914147207737506,51.18692652550762
2021-12-05,29.760637955974882,32.662307000684635,5.091890380881763,50.44824699352617
2021-12-06,29.874066422839785,33.37519081548728,6.317691427090975,50.458791795228706
2021-12-07,29.722515175547933,32.767666312565886,7.944051612838595,50.40757376979409
2021-12-08,31.389823200799416,31.522434184515912,8.21755350010007,47.89996070692074
2021-12-09,31.460905222644165,31.870260184959985,8.029648418514892,47.0377932812087
2021-12-10,30.80043469295601,31.38867064827377,6.267835466787405,47.70239674097484
2021-12-11,29.463173899647987,31.070426838902872,6.95819412154917,48.253868824542465
2021-12-12,30.805693022196824,29.75513429987992,7.918893494897498,48.55078864566304
2021-12-13,28.620117525839017,31.02012254874147,6.356583372125705,49.141927988985245
2021-12-14,29.419957711422658,30.673213134188025,7.854682813260002,49.59147830646995
2021-12-15,29.758035589883065,32.999334862313795,5.370834729782615,51.645024508413236
2021-12-16,29.752022342875108,34.63536398993869,5.357377807237281,52.07050307323591
2021-12-17,30.883222630130835,35.568324897078064,6.5835265404184184,51.58903157121569
2021-12-18,29.86951320128379,35.968997572545504,5.472136007675315,48.9764415578478
2021-12-19,31.15721382420503,36.21609785623526,5.855128646895922,48.99525055197007
2021-12-20,29.464431726488417,36.66162211049653,6.70669739137505,47.717282927550706
2021-12-21,30.11225127050949,36.66847949543241,7.5913516002558445,47.19694239282197
2021-12-22,30.195449377175713,35.809747719889074,8.160629707830012,48.39493568248027
2021-12-23,31.53466346681351,35.85806456707895,8.64189532465479,49.19190193533368
2021-12-24,32.181947221174454,34.71150384385421,7.655436337784933,48.45258392987166
2021-12-25,30.902240571239396,35.32799013332338,9.15919475516639,48.67608835531132
2021-12-26,30.685111205231834,34.55672646989723,8.015834206027481,49.26142191277452
2021-12-27,30.71052948663694,33.358042715700904,7.474968552899423,51.05346576446663
2021-12-28,29.40351657101416,33.507876827358125,7.695575503194355,48.72024126404453
2021-12-29,25.620107630682178,34.14352609497658,11.116430897200914,48.5569542609274
2021-12-30,25.34011959140501,34.81588710252216,11.180142171349239,48.090918098232265
2021-12-31,26.382445888857365,34.28572405461046,10.364867089752991,47.916185576590735
2022-01-01,27.765418857610694,33.70564321429546,10.52850761881626,47.98192923620674
2022-01-02,26.481209937093798,33.926848747106774,9.848761478679222,49.15502862879179
2022-01-03,27.126928793214358,32.906672698127934,8.04607114874023,47.140300970725846
2022-01-04,27.4742107883864,35.50903592636147,8.179522955399035,48.33974191263854
2022-01-05,28.744401033073437,34.07176204046787,8.502126895445677,48.12864482043343
2022-01-06,28.45978267794445,35.92325734020254,8.554218927554603,47.54740682065661
2022-01-07,28.347983928581,36.91954494054017,7.2008711537462045,48.7862733800048
2022-01-08,26.988907022875072,34.46600723103517,8.224083481101857,49.30603836129833
2022-01-09,25.64426689008289,34.69444848350592,8.689377281976643,50.82690709384902
2022-01-10,25.168468227469518,34.25828985125131,8.26731320795539,50.33236570269468
2022-01-11,25.629490138149393,34.54503658149748,7.758440765130598,51.67589442629614
2022-01-12,26.25295543289798,35.152547605083285,6.3394786762320585,52.6823805061162
2022-01-13,27.48386190056552,35.627636864953004,7.087612326674169,51.73774832415211
2022-01-14,27.419437901789014,35.18873636682643,6.630270925199742,50.99425075787575
2022-01-15,26.8166388923443,35.30396197554812,6.638432122358973,51.674242238752264
